text,language
things that go bump in the night,English
keep it under your hat,English
die laaitie se hakskene word rooi,Afrikaans
earmark,English
bums on seats,English
riddle wrapped up in an enigma  a,English
a thing of beauty is a joy forever,English
cor blimey,English
level playing field,English
as jy nie uit jou foute leer nie is daar geen sin om hulle te maak nie,Afrikaans
call of the wild  the,English
curry favour,English
bandy words,English
what are you like,English
technicolor yawn,English
nuuskierige agies hoort in die wolwehok,Afrikaans
more honoured in the breach than in the observance,English
black sheep of the family,English
as jy by iemand se vuur gaan sit moet jy eers kyk van watter kant die wind waai,Afrikaans
feather in ones cap  a,English
tits up,English
beware of greeks bearing gifts,English
as armoede by die voordeur inkom gaan liefde by die agterdeur uit,Afrikaans
geld in die water gooi,Afrikaans
poetic justice,English
waar bloed nie kan kruip nie loop dit,Afrikaans
’n dronk man val nie ver van die bar nie,Afrikaans
waar jy nie die daad kan weglieg nie kan jy altyd ‘n ekskuus bylieg,Afrikaans
run the gauntlet,English
die lewe is nie net swart en wit nie,Afrikaans
mal de mer,English
wish you were here,English
young turk,English
no truck with,English
no rest for the wicked,English
win hands down,English
verskoon my frans,Afrikaans
as happy as a sandboy,English
the pot calling the kettle black,English
tanstaafl  theres no such thing as a free lunch,English
politically correct,English
lardydardy,English
bobs your uncle,English
as busy as a bee,English
suspension of disbelief,English
as die muis dik is is die kaas bitter,Afrikaans
a drop in the ocean,English
red tape,English
ones hearts content,English
action man,English
elementary my dear watson,English
flogging a dead horse,English
point to point,English
gert erf is gert swerf,Afrikaans
friday afternoon car,English
identity theft,English
the pen is mightier than the sword,English
first water,English
jors praat al weer engels,Afrikaans
innocent until proven guilty,English
jump the gun,English
boogiewoogie,English
dont have a clue,English
man after my own heart  a,English
above board,English
moet nooit ‘n apologie met ‘n verskoning bederf nie,Afrikaans
horses mouth  straight from the,English
die moeilikste besluite in die lewe is om te besluit watter brûe om oor te steek en watter om te verbrand,Afrikaans
a good man is hard to find,English
cost an arm and a leg,English
as good luck would have it,English
in the cart,English
butter wouldnt melt in his mouth,English
all at sea,English
‘n duit in die armbeurs gooi,Afrikaans
run out of steam,English
like being savaged by a dead sheep,English
richard the third,English
in the twinkling of an eye,English
to the nth degree,English
frailty thy name is woman,English
up the wooden hill to bedfordshire,English
nul points,English
some men are born mediocre some men achieve mediocrity and some men have mediocrity thrust upon them,English
as happy as a clam,English
wat is die belangrikste – geluk of sukses,Afrikaans
the writing is on the wall,English
maak die pas van die natuur jou eie – haar geheim is geduld en volharding,Afrikaans
grace of god  there but for,English
hie vlie woerts om die hoekie,Afrikaans
cock a snook,English
weasel words,English
whole nine yards  the,English
get on my wick,English
guinea pig,English
dutch  my old,English
platsak wees,Afrikaans
gone for a burton,English
kickin  alive and,English
redhanded caught,English
knight in shining armour,English
household words,English
so tussen die by en die koek,Afrikaans
a knight in shining armour,English
beetlebrowed,English
wrong end of the stick  the,English
forbidden fruit,English
chain is only as strong as its weakest link  a,English
shakespeare phrases and sayings of,English
fait accompli,English
blonde bombshell,English
dis nie alle goud wat blink nie,Afrikaans
we know where you live,English
la dolce vita,English
batten down the hatches,English
prick up your ears,English
waar jy nie self by is nie word jou gesig nie gewas nie,Afrikaans
acronyms,English
nooit gedink my blindederm sal lank genoeg wees nie,Afrikaans
raze to the ground,English
vir ‘n man horings opsit,Afrikaans
bottomup,English
wholehearted,English
green eyed monster,English
stitch in time saves nine  a,English
better to have loved and lost than never to have loved at all,English
skat jou bekwaamheid te min om mee te spog en jou karakter te goed om mee te speel dan sal jy jou selfrespek bewaar en die respek van jou medemens verseker daar is maar een soort wat hul deugde onderskat – dis die werklik bekwames,Afrikaans
jy hou jou rammetjieuitnek,Afrikaans
women and children first,English
ill wind,English
fellow traveller,English
aidemémoire,English
one over the eight,English
trip the light fantastic,English
out of sight out of mind,English
born again,English
hy lag al die pad bank toe,Afrikaans
word for word,English
strait and narrow,English
by your leave,English
counting sheep,English
geen nieuws goed nieuws,Nederlands
storm in a teacup,English
close but no cigar,English
put the mockers on,English
jy moet onder sy arm gaan ruik,Afrikaans
pound of flesh,English
best bib and tucker,English
stool pigeon,English
lifes not all beer and skittles,English
how sharper than a serpents tooth it is to have a thankless child,English
go haywire,English
im stumped,English
rank and file,English
zoals de waard is vertrouwt hij zijn gasten,Nederlands
eaten out of house and home,English
butter side down,English
silly season,English
rise and shine,English
sy is so klein sy verdwaal in ‘n telefoonhokkie,Afrikaans
cut the mustard,English
whole kit and caboodle  the,English
on the ball,English
pigs might fly,English
browned off,English
iets is beter as niks,Afrikaans
they couldnt hit an elephant at this distance,English
cloud nine,English
show a leg  see shake a leg,English
bewaar jou gebeente,Afrikaans
haar haan moet altyd koning kraai,Afrikaans
daniel come to judgement,English
up in arms,English
blot on the landscape,English
is this a dagger which i see before me,English
butterfingers,English
marry in haste repent at leisure,English
colour up,English
ons is wat ons herhaaldelik doen perfeksie is derhalwe nie ‘n daad nie maar ‘n gewoonte,Afrikaans
as cold as any stone,English
a word in your shelllike,English
to boldly go where no man has gone before,English
daylight robbery,English
hy is gedwee soos ‘n delwersdonkie,Afrikaans
you can lead a whore to culture but you cant make her think,English
dit is met geen goud te betaal nie,Afrikaans
oude liefde roest niet,Nederlands
happy as larry,English
derringdo,English
a man after my own heart,English
the skys the limit,English
mexican wave,English
dont die like i did,English
hy is blikners gery,Afrikaans
hy is baie kamp,Afrikaans
heebiejeebies  the,English
cold shoulder,English
we are not amused,English
peter out,English
gooi weg die blink horlosies – werk van sonop tot sononder en die plaas is jou baas – nie jy nie,Afrikaans
moet nooit aftree nie dis beter om te verslyt as om te verroes,Afrikaans
ticked off,English
van werk word ek nooit nooit moeg nie – wat my gedaan maak is die werk wat lê en wag,Afrikaans
while you live tell truth and shame the devil,English
clodhopper,English
hy groei deur sy hare,Afrikaans
die man met min woorde se rekenaar is so kompak dat daar nie plek is vir kaf nie,Afrikaans
heads up,English
nip and tuck,English
turn the tables,English
bone up on,English
’n warm hart steek die ander aan die brand,Afrikaans
tawdry,English
rosie lea,English
just deserts,English
hear hear,English
as queer as a nine bob note,English
nestegg,English
ps and qs  mind your,English
test your mettle  see show your mettle,English
busy as a bee,English
local derby,English
geleentheid maak die dief,Afrikaans
in the pink,English
say goodnight gracie,English
camera cannot lie  the,English
the land of nod,English
necessity is the mother of invention,English
colouredspreekwoorde was vroeër die week die gewildste onderwerp op twitter in suidafrika ons het so ‘n paar geskraap  klik op die skakel vir coloured spreekwoorde,Afrikaans
hy was kleindag so onbeskof,Afrikaans
eye candy  see ear candy,English
pull the wool over your eyes,English
eat my hat,English
sy vertel hom waar die bus stop,Afrikaans
bowled a maiden over,English
raining stairrods,English
sy kan die agterbeen van ‘n donkie afpraat,Afrikaans
someone is walking over my grave,English
delusions of grandeur,English
bad hair day,English
white elephant,English
clutch at straws,English
wear your heart on your sleeve,English
fuzzy wuzzy,English
fixerupper,English
knock back,English
blown to smithereens,English
to big for your breeches,English
let there be light,English
cloud cuckoo land,English
in die sand byt,Afrikaans
dis ‘n tragedie as daar iets in jou sterf terwyl jy nog lewe,Afrikaans
cook the books,English
old hat,English
little bird told me  a,English
jot or tittle,English
met geweld kan mens jou duim in jou hol afbreek,Afrikaans
start from scratch,English
dis nou druiwe na die boland stuur,Afrikaans
bane of your life,English
dit ruik na geld,Afrikaans
elbowgrease,English
no way jose,English
apple pie order,English
differently abled,English
moenie jou pêrels voor die swyne werp nie,Afrikaans
close your eyes and think of england,English
as nice as ninepence,English
without so much as a by your leave,English
salad days,English
piet pompies van soetmelksvlei is nie van hier nie,Afrikaans
mumbo jumbo,English
heavens to betsy,English
sou daar ‘n weersien wees of is ons verdoem tot verpulwerde deeltjies van eens warm vlees,Afrikaans
gee whiz,English
nothing succeeds like success,English
fruits of your loins,English
die has been cast  the,English
flavor of the month,English
proof of the pudding is in the eating  the,English
hard and fast,English
die ding lyk maar tonteldoek,Afrikaans
common sense,English
a ministering angel shall my sister be,English
bell book and candle,English
mares nest,English
bun in the oven,English
hy loop aandklas,Afrikaans
pull your horns in,English
a fish rots from the head down,English
neither fish nor flesh nor good red herring,English
absolute power corrupts absolutely,English
well heeled,English
elvis has left the building,English
pour oil on troubled waters,English
back to square one,English
riley  the life of,English
infra dig,English
ek sien die veld die bosse berge vlakte ek hoor hoe fluister grasse stroom en wind o heer u sorg vir klein vir groot vir alles en u sorg dag na dag vir my u kind,Afrikaans
jy steek jou kop in n bynes,Afrikaans
gemoedskalmte en beheersug sit nie in dieselfde leunstoel nie,Afrikaans
course of true love never did run smooth  the,English
pictureperfect,English
liefde maakt blind,Nederlands
safe pair of hands  a,English
living daylights,English
in the club,English
paddle your own canoe,English
beggars cant be choosers,English
hy is so haastig dat hy sy brood koud blaas en sy koffie kou ‘n slegte dag het hy beskryf “dit was ste graad van laaste graad ‘n goeie dag was laaste graad van ste graad,Afrikaans
carry coals to newcastle,English
coals to newcastle  carry,English
laurels  rest on ones,English
an eye for an eye a tooth for a tooth,English
i have nothing to declare but my genius,English
as old as methuselah,English
cocksure,English
a dog is a mans best friend,English
van ’n donkie kan jy ’n skop verwag,Afrikaans
die beste manier om ‘n goeie indruk op iemand te maak is om hom die geleentheid te gee om ‘n goeie indruk op jou te maak,Afrikaans
blue blood,English
rub of the green,English
ask a silly question and youll get a silly answer,English
om te dink is maklik om te doen is moeilik om te doen soos ‘n mens dink is die moeilikste van alles,Afrikaans
nation of shopkeepers  a,English
if the shoe fits,English
die lewe sonder humor is soos ‘n kar sonder vere dit kan die stampe van die lewenspad nie absorbeer nie,Afrikaans
binge drinking,English
jors het die naweek weer netjies gevat nou’s hy weer tieprag op die maandag,Afrikaans
julle kan dink en praat soos julle voel en oortuig is ek sal dit respekteer maar moenie die houding van aagg watt aankweek nie,Afrikaans
wat is jy ‘n besitter van of ‘n besitting van jou bates,Afrikaans
tickle the ivories,English
shot heard round the world  the,English
ontwyk die uitvraer want hy is ook ‘n verklapper,Afrikaans
a priori,English
man does not live by bread alone,English
hold your horses,English
hit the nail on the head,English
‘n blinde hoender vind ook ‘n korreltjie,Afrikaans
pot calling the kettle black  the,English
a bunch of fives,English
thats all folks,English
foot of our stairs  the,English
what a piece of work is man,English
in stitches,English
a plague on both your houses,English
montezumas revenge,English
loop soos ‘n hen wat nes soek,Afrikaans
biblical phrases,English
point percy at the porcelain,English
met ‘n aalwynpil in jou kies loop,Afrikaans
plooie pyn nie,Afrikaans
little of what you fancy does you good  a,English
wat laat oom japie weer die grootsê so hoog uit die takke haal,Afrikaans
iemand afpoeier,Afrikaans
as jy skop kan jy nie trek nie en as jy trek kan jy nie skop nie,Afrikaans
hit the ground running,English
french phrases,English
famous last words the ironic phrase,English
cheap at half the price,English
oh they have slain the earl of moray and lady mondegreen,English
op iemand se dak afklim,Afrikaans
dead ringer,English
fly off the handle,English
my cup of tea,English
dust up,English
burning the midnight oil,English
geleenthede gaan by mense verby omdat dit ‘n oorpak aan het en na werk lyk,Afrikaans
langnekkaatjie soen,Afrikaans
in a quandary,English
the moving finger writes,English
queer street,English
a diamond is forever,English
sy is so vet as sy by die trein uitklim kan almal asem haal,Afrikaans
je moet geen slapende honden wakker maken,Nederlands
hou jou oë goed oop voor die huwelik en halftoe daarna,Afrikaans
neither here nor there,English
coin a phrase,English
pull in your horns,English
a fool and his money are soon parted,English
bean counter,English
rome is nie in een dag gebou nie so gaan jou gang rustig  hoe meer haas hoe minder spoed,Afrikaans
survival of the fittest,English
cold feet,English
stand up guy,English
badger to death,English
pip  get thegot the have the,English
jy kan nie met skoon hande modder gooi nie nog minder met ‘n rein mond gif spoeg,Afrikaans
dis ‘n goeie boeregewoonte ‘n mens kom nooit met leë hande by iemand aan nie…en jy stuur hom ook nie met leë hande weg nie,Afrikaans
fools gold,English
wild goose chase,English
beam ends  on your,English
whistle and flute,English
het hart zonk hem in zijn schoenen,Nederlands
behind the eight ball,English
jors se gat stamp,Afrikaans
hankypanky,English
he will give the devil his due,English
hy is ‘n wolf in skaapklere,Afrikaans
as jy nie daarin slaag om te beplan nie beplan jy om nie te slaag nie,Afrikaans
time and tide wait for no man,English
ons moet die kwaadpraat met goedpraat doodpraat,Afrikaans
go like the clappers,English
champ at the bit,English
jimmy horner,English
put on your thinking cap,English
hy probeer hoër vlieg as wat sy vlerke lank is,Afrikaans
push the envelope,English
chaise lounge,English
gou met die pen,Afrikaans
short shrift,English
accidents will happen,English
sleep like a top,English
brown as a berry,English
true blue,English
full tilt,English
my old dutch,English
sorg dat jy nooit jou geld belê in enigiets wat eet of wat geverf moet word nie,Afrikaans
hoe groter gees hoe groter bees,Afrikaans
makkelijker gezegd dan gedaan,Nederlands
heavens to murgatroyd,English
raise cain,English
king james version of the bible,English
draai jou mantel na die wind,Afrikaans
vir kwaadgeld rondloop,Afrikaans
monty  the full,English
hy is gesout teen masels,Afrikaans
something for the weekend sir,English
in a cleft stick,English
left in the lurch,English
die mooiweer sal jou nie beskadig omdat jy jou jas en sambreel verniet saamgeneem het nie,Afrikaans
face the music,English
preaching to the choir,English
topsyturvy,English
make a beeline for,English
tongue in cheek,English
hulle krap op plekke waar hulle nie jeuk nie en ander jeuk weer op plekke waar hulle nie kan krap nie,Afrikaans
stone the crows,English
pork pies,English
steal a march,English
two heads are better than one,English
word in edgeways  a,English
misquotes,English
hy is ganspen,Afrikaans
game is afoot  the,English
a rose is a rose is a rose,English
ethnic cleansing,English
so maklik soos brood en botter,Afrikaans
bet your bottom dollar,English
old as the hills,English
tattoo phrases and sayings,English
gild the lily,English
take umbrage,English
bezint eer gij begint,Nederlands
jam tomorrow,English
‘n graaf was my pen en die grond was my boek,Afrikaans
save ones bacon,English
jacob is doringskof vir julius,Afrikaans
bid vir ‘n goeie oes maar hou aan werk,Afrikaans
cart before the horse  put the,English
jy kan nie uitdeel wat jy nie het nie,Afrikaans
almanakke druk,Afrikaans
hy is ‘n gladde kêrel,Afrikaans
born within the sound of bow bells,English
three sheets to the wind,English
fine words butter no parsnips,English
ring a ring oroses a pocketful of posies atishoo atishoo all fall down,English
warm onder die boordjie wees,Afrikaans
crack of doom  the,English
sy is ‘n diamant in my kroon,Afrikaans
foul play,English
much ado about nothing,English
aid and abet,English
hy het rooimiere,Afrikaans
ons  se geheim aanpasbaarheid,Afrikaans
bakers dozen,English
keep your pecker up,English
surf and turf,English
just in time,English
tout de suite,English
de puntjes op de i zetten,Nederlands
run rings around,English
jump on the bandwagon,English
dont try to teach your grandma to suck eggs,English
get off on the wrong foot,English
brownie points,English
handle with kid gloves,English
pasop vir my groottoon hy hou van stamp,Afrikaans
be still my beating heart,English
far be it from me,English
laat ek vir jou vertel wat vis innie kaap kos,Afrikaans
loaf of bread,English
toe the line,English
huggermugger,English
no room to swing a cat,English
hung drawn and quartered,English
rat arsed,English
big fish in a small pond  a,English
sak sarel pa wil n springbok skiet op dooierus,Afrikaans
far from the madding crowd,English
bokveld toe gaan,Afrikaans
hangskouers soos ‘n kasteroliebottel,Afrikaans
rack and ruin,English
hands down,English
take the cake,English
pointandclick,English
a stitch in time saves nine,English
abide with me,English
keep your hands clean,English
mind your ps and qs,English
draw a blank,English
all fingers and thumbs,English
piece of piss,English
alive and kicking,English
theres an r in the month,English
a riddle wrapped up in an enigma,English
go dolally,English
as die pappot oorkook maak dit ‘n gemors – ook van homself,Afrikaans
we have seen better days,English
much of a muchness,English
my bad,English
silence is golden,English
has the cat got your tongue,English
dog days,English
on the dole,English
sandwich short of a picnic,English
stinking rich,English
hy doen dermwerk,Afrikaans
dollars to donuts,English
zigzag,English
ball and chain,English
blind leading the blind  the,English
a pig in a poke,English
jy beny my blink skoene omdat jy nie weet van die liddorings wat binne pyn nie,Afrikaans
greased lightning,English
fathom out,English
see red,English
moenie al die aanbrandsel uit jou pot krap nie,Afrikaans
all you can eat,English
rose by any other name would smell as sweet  a,English
smoke and mirrors,English
chopchop,English
dit afklink,Afrikaans
left hand doesnt know what the right hand is doing,English
dis nie ‘n pyp dagga werd nie,Afrikaans
wyse woorde val dikwels op bar grond maar ‘n vriendelike woord word nooit misken nie,Afrikaans
die geheim om te verveel is om alles te vertel,Afrikaans
clear blue water,English
jou karakter soos die fondamente van ‘n huis is onder die oppervlakte,Afrikaans
space the final frontier,English
touch with a bargepole  wouldnt,English
by the book,English
pigs ear,English
my better half,English
ek verwonder my dat daardie sterk vrou so skielik dood is en daardie siek man so lank leef…,Afrikaans
big apple  the,English
even at the turning of the tide,English
waar aas is vergader die arende,Afrikaans
heavy metal,English
shit for brains,English
piece of the action,English
neer do well,English
tot by oom daantjie in die kalwerhok,Afrikaans
my stars and garters,English
full to the gunwales,English
alle begin is moeilijk,Nederlands
sy gewete is toegeskroei,Afrikaans
dreams of empire,English
on the bubble,English
it aint over till the fat lady sings,English
soapdodger,English
in a pigs eye,English
zero tolerance,English
ons is gebore om die waarheid na te streef – om dit te besit is die voorreg van ‘n hoër mag,Afrikaans
a little knowledge is a dangerous thing,English
knock off,English
share and share alike,English
rule of thumb,English
rhyme nor reason,English
exception that proves the rule  the,English
my salad days,English
hobbyhorse,English
whole shebang  the,English
geld groei nie aan bome nie,Afrikaans
pears for your heirs,English
frogs hair as fine as,English
body surfing,English
moenie die krag onderskat van dom mense in groot getalle nie,Afrikaans
real mccoy,English
funny farm,English
how do you do,English
grist to the mill,English
faff about,English
ginger up,English
gebraaide duiwe vlieg niemand in die mond nie,Afrikaans
wolf in sheeps clothing,English
balance of power  the,English
piss and vinegar  full of,English
blow a raspberry  see raspberry tart,English
homonyms,English
word association football,English
agter geld soos die duiwel agter ‘n siel aan,Afrikaans
surfing the netsurfing the internetsurfing the web,English
lead balloon  go over like a,English
frog in the throat  a,English
its better to give than to receive,English
early to bed and early to rise makes a man healthy wealthy and wise,English
die manier om ‘n goeie reputasie te kry is om eerlik te streef na die beeld wat jy wil wees,Afrikaans
between a rock and a hard place,English
make a pigs ear of,English
dont call us well call you,English
crapper  the,English
by die duiwel gaan bieg,Afrikaans
multitude of sins,English
put a damper on,English
jan van rooy vang ‘n vlooi – poef hom rooi en sê – dis mooi,Afrikaans
jou roes uitslaap,Afrikaans
down the tubes,English
your name is mud,English
to all intents and purposes,English
wees dankbaar as jou kinders dik snye brood vra – meel is goedkoper as medisyne,Afrikaans
good riddance,English
stark raving mad,English
fight the good fight,English
a nobrainer,English
derdemannetjie speel,Afrikaans
a feather in ones cap,English
old codger,English
caught redhanded,English
seks is soos jou salaristjek mens praat nie regtig daaroor nie want netnou kry die ander ou meer as jy,Afrikaans
die beste een vinnigste manier om ander mens te waarder is om te probeer om hulle werk te doen,Afrikaans
quarter  give no,English
shuffle off this mortal coil,English
ek voel bietjie koponderdievlerk,Afrikaans
dead as a doornail,English
carpe diem gryp die dag,Afrikaans
youll wonder where the yellow went when you brush your teeth with pepsodent,English
geen woorden maar daden,Nederlands
there is no alternative,English
al die suksesse in die wêreld is gebaseer op toewyding en ‘n goeie wil,Afrikaans
the bitter end,English
hy staan op die dak  – ingestuur deur june edwards,Afrikaans
life of riley,English
oh my stars and garters,English
penny saved is a penny earned  a,English
een ongeluk komt zelden alleen,Nederlands
standing on the shoulders of giants,English
the penny drops,English
make haste,English
driving while black,English
walk the plank,English
barking up the wrong tree,English
keepyuppy,English
je moet geen oude koeien uit de sloot halen,Nederlands
ministering angel shall my sister be  a,English
sy trek holrug,Afrikaans
auld lang syne,English
hy het miere,Afrikaans
high horse  get off your,English
good in parts,English
dish fit for the gods  a,English
devil take the hindmost  the,English
beggar belief,English
fed up,English
cold enough to freeze the balls off a brass monkey,English
scott sir walter  phrases coined by,English
vice versa,English
golden key can open any door  a,English
ill be there with bells on,English
to big for your boots,English
nod  the land of,English
cockahoop,English
know the ropes,English
to be or not to be that is the question,English
love that dare not speak its name  the,English
sticky wicket,English
crop up,English
he who can does he who cannot teaches,English
fall from grace,English
going to hell in a handbasket,English
dirt bag,English
wat regtig saak maak is wat jy leer terwyl jy reeds alles weet,Afrikaans
nail your colours to the mast,English
cottonpicking,English
stiffen the sinews,English
daai jors kan vir jou lank ploeg,Afrikaans
the last straw,English
bought the farm,English
kangaroo court,English
dash to pieces,English
hy het ‘n hallelujagesig en jazzvoete,Afrikaans
beyond belief,English
bird in the hand is worth two in the bush  a,English
as snug as a bug in a rug,English
sea change,English
chick flick,English
the game is up,English
best laid schemes of mice and men  the,English
carboncopy,English
all things come to he who waits,English
under the thumb,English
cut off your nose to spite your face,English
daar is slegte bloed tussen hulle,Afrikaans
die gautengers lê witpens op kampsbaai se strand,Afrikaans
crocodile tears,English
bite the bullet,English
cool britannia,English
thinking cap,English
fell swoop  at one,English
the usual suspects,English
a countenance more in sorrow than in anger,English
sent to coventry,English
hy het al harde korsies gebyt,Afrikaans
die lewe is soos ‘n “niggerball” hy breek jou tande maar jy hou aan suig,Afrikaans
fancy pants,English
walter scott phrases coined by,English
acid test,English
coming in on a wing and a prayer,English
cliffhanger,English
die gefluisterde woord trek verder as die harde geskreeu,Afrikaans
for all intents and purposes,English
read the riot act,English
three strikes and you are out,English
bloodyminded,English
a sight for sore eyes,English
richard of york gave battle in vain,English
beelzebub has a devil for a sideboard,English
spick and span,English
harp on,English
onder die besemstok staan,Afrikaans
dressed to the nines,English
jy is nou by die verkeerde adres,Afrikaans
blackonblack,English
dickybird  not a,English
dropping like flies,English
never look a gift horse in the mouth,English
yellow peril,English
compassion fatigue,English
nog groenvoer op die land hê,Afrikaans
die rol van mawees is moontlik die belangriste beroep wat enige vrou kan beoefen,Afrikaans
harbinger of doom,English
veel geskreeu en weinig wol,Afrikaans
men in suits,English
eeny meeny miny mo,English
dieselfde water draai die verstandige man se meule wat die dwaas se grond verspoel,Afrikaans
first world,English
die prys van vryheid is ewige waaksaamheid,Afrikaans
loose lips sink ships,English
flotsam and jetsam,English
die verhouding tussen hoofman en werknemeres is soos dié tussen die wind en die gras die gras moet buig as die wind daaroor waai,Afrikaans
wild and woolly,English
talk of the devil,English
skin and blister,English
the balance of power,English
eat drink and be merry,English
happy slapping,English
loose cannon,English
die druiwestokke werk met hom,Afrikaans
‘n mens weet meer van ‘n pad deur dit te bewandel as deur al die voorstellings en beskrywings in die wêreld – as jy jou oë oophou en sien wat jy sien,Afrikaans
the elephant in the room,English
saartjie soen,Afrikaans
okeydokey,English
devil incarnate  the,English
‘n stuiwer in die armbeurs gooi,Afrikaans
at ones beck and call,English
so besig soos n miernes wees,Afrikaans
wonder waar was jors en sy meisie gisteraand sy het al weer kruipknietjies,Afrikaans
liewers ‘n kort skande as ‘n lang verdriet,Afrikaans
love is blind,English
fish rot from the head down,English
belle of the ball,English
run amok,English
magical realism,English
rum do,English
“die beste vakansie is die een waar die vrouens byt en die muskiete nie”,Afrikaans
hotblooded,English
popular fallacies  the nonsense nine,English
wide berth  keep a,English
jors is goed geolie,Afrikaans
daft as a brush,English
vanish into thin air,English
petty cash,English
raining cats and dogs,English
spitting image,English
in my minds eye,English
mud  your name is,English
press into service,English
blast from the past  a,English
not playing with a full deck,English
fall guy,English
sit die babatjie op iemand anders se drumpel,Afrikaans
the early bird catches the worm,English
in like flynn,English
cockup,English
die reêlmaat van seisoene is ononderhandelbaar waar nou die dag nog niks was nie rinkink die kleure en geur gratis en verniet die winterslaap was maar net die broeimasjien van die huidige kleur en geur,Afrikaans
thorn in the flesh,English
ganse aanja,Afrikaans
behandel die vreemdeling goed maar wees versigtig om hom die kans te gee om jou te behandel,Afrikaans
die boer se voetspore is die beste misstof op die land,Afrikaans
catch,English
dock your pay,English
get  underway,English
die meisies by tukkies is gek oor mieliestamp,Afrikaans
fashion victim,English
dit kom nog uit noag se ark saam met metusalem,Afrikaans
baby father,English
get off your high horse,English
big cheese  the,English
abracadabra,English
the cut of your jib,English
shake a leg,English
keep a stiff upper lip,English
om jou op die haaivlakte te bevind,Afrikaans
revenge is a dish best served cold,English
canteen culture,English
get thee behind me satan,English
back of beyond  the,English
riding shotgun,English
boxseat  in the,English
not for all the tea in china,English
farmers,English
wie de schoen past trekke hem aan,Nederlands
once more unto the breach dear friends once more,English
cleft stick  in a,English
rhyming slang,English
a sea change,English
a load of codswallop,English
chris van rooyen “hy het ‘n klein koppie soos ‘n ver gooi kierie”,Afrikaans
spend a penny,English
living on borrowed time,English
sy doopseel lig,Afrikaans
dit is te dik vir ‘n daalder,Afrikaans
al is die ouer hoe arm hy dek tog warm,Afrikaans
aga saga,English
eind goed al goed,Nederlands
die bottel goed aanspreek,Afrikaans
quick and the dead  the,English
daar is geen opregter liefde as die liefde vir kos nie,Afrikaans
nip in the bud,English
geld groei nie op my rug nie,Afrikaans
in die gras byt,Afrikaans
come clean,English
jy moet maar self groei ongeag hoe groot jou oupa was,Afrikaans
one stop shop,English
nice as ninepence,English
pull up stakes,English
keep body and soul together,English
the customer is always right,English
lions led by donkeys,English
hiding to nothing  on a,English
ginger,English
to beggar belief,English
enige verandering aan daardie gesig is ‘n verbetering  bydrae herman janse van rensburg,Afrikaans
iemand sal die babatjie moet vashou,Afrikaans
the sevenyear itch,English
as the crow flies,English
last but not least,English
to gild refined gold to paint the lily,English
its not rocket science,English
catbird seat  in the,English
talk the talk,English
jors se opsykind is al pramhoog  pramhoog – hoe vrouens in namakwaland hoogte aandui,Afrikaans
jan rap en sy maat dans die riel vanaand,Afrikaans
eighty six,English
pull yourself up by your bootstraps,English
if music be the food of love play on,English
kowtow to,English
‘n man kan nog per ongeluk op jou tone trap maar as hy op jou kop trap is dit moedswillig,Afrikaans
as cute as a bugs ear,English
bill stickers is innocent,English
“sy praat mos so onder haar asem ”,Afrikaans
sledgehammer to crack a nut  a,English
arende vang nie vlieë nie,Afrikaans
buckle down,English
paint the town red,English
why does bread always fall butter side down,English
bite the dust,English
thin air  vanish into,English
hy skiet al weer ‘n cadenza,Afrikaans
youve never had it so good,English
birds of a feather flock together,English
words ending in gry,English
name and shame,English
truth is stranger than fiction,English
berg toe gaan,Afrikaans
hier kom nou weer baie loopneusdae meneer,Afrikaans
zwijgen is goud,Nederlands
kritiek is iets wat jy kan vryspring deur niks te sê nie niks te doen nie en niks te wees nie,Afrikaans
down in the dumps,English
handbags at ten paces,English
go berserk,English
when the shit hits the fan,English
speak softly and carry a big stick,English
shoot through,English
hand over fist,English
peeping tom,English
take with a pinch of salt,English
pointblank,English
jury is still out,English
dit is net die oortjies van die seekoei wat ons van weet,Afrikaans
fall off the back of a lorry,English
accidentally on purpose,English
teenspoed is deel van die lewe,Afrikaans
ek wonder hoeveel hy sal vra om in ‘n drieslaapkamer huis te spook  bydrae allan,Afrikaans
save face,English
visavis,English
been there done that,English
merry christmas,English
indian summer,English
nice kettle of fish,English
aan alles komt een eind,Nederlands
carpe diem,English
fight fire with fire,English
i spy with my little eye,English
dit weet die aap se stert,Afrikaans
billy no mates,English
friends romans countrymen lend me your ears,English
for keeps,English
birds and the bees  the,English
fine as frogs hair,English
wie heuning wil eet moet steke verdra,Afrikaans
barking mad,English
which witch is which,English
‘n land wat vir sy landbou sorg sorg vir sy volhoubare toekoms,Afrikaans
tomorrow is another day,English
hearts content,English
havent got a clue,English
a shot in the arm,English
mondegreens,English
by gum,English
jy kan van ‘n padda nie vere pluk nie,Afrikaans
tower of strength,English
know your onions,English
the whole shebang,English
burn the candle at both ends,English
come a cropper,English
dis goed om geduld te hê tensy jy iets gedoen wil hê…,Afrikaans
dead cat bounce,English
whet your appetite,English
plates of meat,English
woman needs a man like a fish needs a bicycle  a,English
dont look a gift horse in the mouth,English
tail wagging the dog  the,English
ars longa vita brevis,English
an englishmans home is his castle,English
on the fiddle,English
sagte dokters maak stinkende wonde,Afrikaans
good as gold,English
wear the trousers,English
pellmell,English
a drop in the bucket,English
‘n mens kan die wyn nie beoordeel deur na die vat te kyk nie,Afrikaans
if you cant stand the heat get out of the kitchen,English
blueplate special,English
jou brandewyn bloots drink,Afrikaans
sweet fanny adams,English
secondguess,English
on with the motley,English
straitlaced,English
“wel slaan my met ‘n pap snoek en vee jam onder my arms” – ingestuur deur george,Afrikaans
brook no truck with,English
‘n sinikus is iemand wat die prys van alles weet en die waarde van niks,Afrikaans
keep your chin up,English
god is dead,English
misdaad loont niet,Nederlands
by die verkeerde boom blaf,Afrikaans
an ill wind,English
as fit as a fiddle,English
christmas card verses,English
lackadaisical,English
the crapper,English
spin jy jou driewiel,Afrikaans
hulle breek nie brandhout van dieselfde tak nie,Afrikaans
hy staan of hy geld in die bank het,Afrikaans
so skaars soos ‘n tweedehandse doodkis,Afrikaans
let not the sun go down on your wrath,English
piggyback,English
brass monkey weather,English
all the tea in china  not for,English
countenance more in sorrow than in anger  a,English
moving the goalposts,English
eers grootmense en dan langore,Afrikaans
as klein mensies groot skaduwees begin gooi is die son besig om onder te gaan,Afrikaans
wotcher,English
ankle biter,English
what god has joined together let no man put asunder,English
bad egg,English
all present and correct,English
lose your marbles,English
cat may look at a king  a,English
as die hemel val is ons almal dood,Afrikaans
bag and baggage,English
sour grapes,English
curiosity killed the cat,English
keep your powder dry,English
piece of cake  a,English
lie low,English
queer as a nine bob note,English
darby and joan,English
give a wide berth,English
like it or lump it,English
the darkest hour is just before the dawn,English
op die koop toe,Afrikaans
highflyer,English
the living daylights,English
davy jones locker,English
dit help nie om in die dooie kole te blaas nie jy blaas hul net kouer en jou oë vol as,Afrikaans
generation x,English
bunch of fives  a,English
bode well,English
do unto others as you would have them do to you,English
now is the winter of our discontent,English
stand and deliver,English
play the race card,English
chalk and cheese,English
fools rush in where angels fear to tread,English
feeding frenzy,English
lo and behold,English
cherchez la femme,English
die aarde is toe te koud vir hom om op te trap,Afrikaans
romeo romeo wherefore art thou romeo,English
drummed out of the army,English
dog is a mans best friend,English
the ends of the earth,English
odds bodkins,English
pass over to the other side,English
hooray henry,English
bolt from the blue,English
how are the mighty fallen,English
never knowingly undersold,English
forlorn hope,English
great minds think alike,English
jack robinson  before you can say,English
by hook or by crook,English
celeste herman “‘n mooi uiterlike vang die oog vir ‘n wyle maar ‘n mooi innerlike word ‘n leeftyd deur die hart vasgevang”,Afrikaans
go to pot,English
smart casual,English
hy maak of hy geld in die bank het,Afrikaans
o ye of little faith,English
daai manne by die spele ry toespeek,Afrikaans
oefening baart kunst,Nederlands
by dint of,English
a picture is worth a thousand words,English
wanneer jy dink dat jy onmisbaar is moet jy ‘n emmer water neem jou vuis en arm daarin druk en dan stadig uittrek die gat wat in die water oorbly is die mate waarin jy gemis sal word,Afrikaans
thats all she wrote,English
throw your hat into the ring,English
met spaarsaamheid sal jy uit die kleinste inkomste iets oorhou met verkwisting sal die grootste vir jou te min wees,Afrikaans
strike while the iron is hot,English
apie kyk vir kerriekos,Afrikaans
in die donker is alle katte grou,Afrikaans
om elke dag te lewe asof dit jou laaste is – nooit oorhaastig nie nooit ongevoelig nie nooit met aansit nie – dit is die perfekte karakter,Afrikaans
run a mile,English
cotton on to,English
erken as jy verkeerd is en bly stil as jy reg is,Afrikaans
walk the walk,English
go over like a lead balloon,English
jors is hier weg met die aanslag van die dag,Afrikaans
shall i compare thee to a summers day,English
devil and the deep blue sea,English
bees knees  the,English
jannie is al ringbek,Afrikaans
hat trick,English
stick in the mud,English
there is more than one way to kill a cat,English
daai klas wyn is nie vir ‘n man met ‘n dun kopvel nie,Afrikaans
the devil incarnate,English
might and main,English
ashes to ashes dust to dust,English
exceedingly well read,English
eat humble pie,English
nobrainer,English
de stoute schoenen aantrekken,Nederlands
roasted to a turn,English
son of a gun,English
like a chicken with its head cut off,English
dit is net ‘n brekfis,Afrikaans
beat swords into ploughshares,English
mens moet nie werk om te lewe nie – hy moet lewe om te werk,Afrikaans
wooden hill to bedfordshire,English
elke mens is ‘n dief in sy eie nering,Afrikaans
soort zoekt soort,Nederlands
kiss me hardy,English
ek is piet verdriet op moedverloor se vlakte vandag,Afrikaans
om groot te skrik is soms meer werd as goeie raad,Afrikaans
on cloud nine,English
hy kollekteer al weer by haar,Afrikaans
hy hou van ankers uitgooi by elke stopstraat,Afrikaans
designer stubble,English
u straf is te swaar vir my op aarde jy sal word ‘n doellose swerwer op aarde jou handewerk sal vervloek wees die aarde wat jy bewerk sal niks oplewer nie,Afrikaans
koerland se vleiseter is n lui kalant en so uitgeslape soos my prokureur nie kan droom om te wees,Afrikaans
all publicity is good publicity,English
hoe beter man jy is hoe jammerder is dit van die fout wat jy het dis op die wit papier wat die swart klad duidelik wys,Afrikaans
season of mists and mellow fruitfulness,English
in the doldrums,English
round robin,English
alike as two peas in a pod,English
die ouens sal moet losklos hardloop daar in londen,Afrikaans
born with a silver spoon in ones mouth,English
up a blind alley,English
to a t,English
jan alleman in die straat is die segsman vir die ouens wat met hulle mond vol tande staan,Afrikaans
ring the changes,English
usual suspects  the,English
place for everything and everything in its place  a,English
yada yada,English
upper crust,English
april fool,English
‘n goeie gewete is ‘n sagte kussing,Afrikaans
purple patch,English
all intents and purposes,English
the powers that be,English
die halter afhaal,Afrikaans
foot in the door  a,English
die liefde is ‘n dubbeldoor – iets te wen en iets verloor,Afrikaans
caught in a cleft stick,English
die sout van die aarde,Afrikaans
selfs in my oupagrootjie se tyd was daar iets wat jou aan die slaap kon kry hulle het dit werk genoem…,Afrikaans
across the board,English
die gierige mens is altyd behoeftig,Afrikaans
baby blues,English
knock into a cocked hat,English
on the warpath,English
die hand wat die wieg skommel regeer die wêreld,Afrikaans
beter een half ei dan een lege dop,Nederlands
all in all,English
mums the word,English
for good measure,English
keep your nose clean,English
up the duff,English
alte goed is buurmansgek,Afrikaans
pond life,English
copperbottomed,English
a load of cobblers,English
tussen die bye maar nog nie by die koekie nie,Afrikaans
kerm soos ‘n kat oor ‘n derm,Afrikaans
tissue of lies,English
hy het die hasepad gekies,Afrikaans
wie het laatst lacht lacht het best,Nederlands
daar is te veel dak op die huis,Afrikaans
as different as chalk and cheese,English
scot free,English
so bang soos ‘n bolander vir donderweer,Afrikaans
giddy aunt,English
taken aback,English
we are a grandmother,English
hy slaan die bottel hard,Afrikaans
‘n perd agterstevoor ry,Afrikaans
doff your hat,English
make hay while the sun shines,English
grass up,English
boxing day,English
steal my thunder,English
more fool you,English
the bees knees,English
from sea to shining sea,English
play the giddy goat,English
hy is gecollar en getie,Afrikaans
in the offing,English
the great  unwashed,English
rinkydink,English
on the shoulders of giants,English
turn of phrase,English
i have not slept one wink,English
so arm soos ‘n kerkmuis,Afrikaans
tinkers dam,English
beauty is only skin deep,English
sy is totaal en al bonkers,Afrikaans
sy kan altyd my battery natpiepie,Afrikaans
flesh and blood,English
forgive them for they know not what they do,English
spill the beans,English
its that man again,English
red herring,English
sy het so ‘n broeishennetjiemanier van aanlê by die seuns draai al om hulle,Afrikaans
between the devil and the deep blue sea,English
alter ego,English
halfcocked,English
may you live in interesting times,English
die belangrikste eienskap wat ‘n jong meisie moet openbaar is blymoedigheid in haar lewensuitkyk,Afrikaans
bunny boiler,English
fly in the ointment,English
i havent got a clue,English
as brown as a berry,English
geld wat stom is maak reg wat krom is,Afrikaans
carte blanche,English
om vas te staan wanneer jy iets weet en toe te gee dat jy soms iets nie weet nie dit is kennis,Afrikaans
sy bont varkie is weg,Afrikaans
raspberry tart,English
be afraid be very afraid,English
as jy geluk wil vind en soek sal jy dit kry soos die ou dame haar bril – al die tyd veilig op haar neus…,Afrikaans
jy sal verbaas wees hoeveel van jou geheime sondes jou bure weet hoekom sal hulle met jou daaroor praat hulle reken jy weet dit immers self,Afrikaans
arms akimbo,English
die kreeftegang van agteruitgaan,Afrikaans
on the wagon,English
lame duck,English
good men and true,English
laid out in lavender,English
ek word alte ongelukkig as ‘n grootman so inkokkewiet werk,Afrikaans
the blind leading the blind,English
strain at the leash,English
forewarned is forearmed,English
rose is a rose is a rose,English
over the top,English
hoi polloi,English
fits to a tee,English
double whammy,English
plug ugly,English
‘n blaadjie uit iemand se boek neem,Afrikaans
pass the buck,English
ringfencing,English
the hairy eyeball,English
gloom and doom,English
old chestnut,English
good measure  for,English
many are called but few are chosen,English
hy lyk soos sondagkos,Afrikaans
fair and square,English
nth degree,English
all singing all dancing,English
by the skin of your teeth,English
beyond the pale,English
die enigste tyd wanneer spaargeld niks werd is nie is wanneer jy ‘n goedkoop sleg artikel gekoop het,Afrikaans
seen better days,English
get the upper hand,English
bell the cat,English
grand slam,English
i told you is was ill,English
gee die duiwel wat hom toekom  hy slyp al lank genoeg aan sy steen,Afrikaans
back the field,English
the salt of the earth,English
cobblers  a load of,English
squeaky bum time,English
tide over,English
the nth degree,English
iets is beter dan niets,Nederlands
jy sal vir jou moet laat kyk deur sewe skeel kamele,Afrikaans
kneejerk reaction,English
needs must,English
special relationship,English
dont keep a dog and bark yourself,English
for whom the bell tolls,English
freeze the balls off a brass monkey  cold enough to,English
shambles,English
die blerrie tweegesig blaf met die honde en huil met die wolwe,Afrikaans
jetblack,English
shanks mareshanks pony,English
visit the ladies room,English
think outside the box,English
stuur die luiaard na die mier en as hy nie te lui is om te gaan nie sal hy te lui wees om terug te kom,Afrikaans
balance of trade  the,English
ear candy,English
as jyself dink en doen is jy beperk tot jouself as jy lees en dink en doen is die wye wêreld jou helper,Afrikaans
two peas in a pod,English
let your hair down,English
on your beam ends,English
gung ho,English
nothing is certain but death and taxes,English
moveable feast,English
daar’s ‘n geurtjie aan,Afrikaans
kind onthou net één ding jy kon nie jou ouers en voorouers kies nie,Afrikaans
uneasy lies the head that wears a crown,English
je moet de vieze was niet buiten hangen,Nederlands
year dot  the,English
o romeo romeo wherefore art thou romeo,English
elke mens kom vroeër of later sy waterloo teë,Afrikaans
get the sack,English
well read,English
je bent nooit te oud om te leren,Nederlands
some are born great some achieve greatness and some have greatness thrust upon em,English
morbid obesity,English
middle of the road,English
mighty oaks from little acorns grow,English
waar een wil is is een weg,Nederlands
to travel hopefully is a better thing than to arrive,English
sy hempie is kort,Afrikaans
safe sex,English
a fish out of water,English
hy weet hoe om ‘n bottel te knak,Afrikaans
clean breast  make a,English
motley crew,English
scarper,English
out of sorts,English
take the mickey,English
as keen as mustard,English
fly on the wall,English
chop and change,English
jack in the box,English
dit is peper duur,Afrikaans
dié naweek drink ons tot die bodem,Afrikaans
hell or high water,English
hy laat hom nie met blou ertjies op loop jaag nie,Afrikaans
over a barrel,English
‘n mens moet onthou wie die tafel gedek het wie die kos voorberei het,Afrikaans
wave a red rag to a bull,English
a fly in the ointment,English
between you me and the bedpost,English
die mens met min woorde se solder is so klein dat daar nie plek vir kaf is nie,Afrikaans
skeleton in the closet,English
big wig,English
savoir faire,English
here lies one whose name is writ in water,English
sy binneleisel is te kort,Afrikaans
my cup runneth over,English
extraordinary rendition,English
easy as pie,English
in someones bad books,English
stump up,English
bokwagter word,Afrikaans
the camera cannot lie,English
sixes and sevens  at,English
a chain is only as strong as its weakest link,English
man who is his own lawyer has a fool for a client  a,English
die stormers moet nou opstaan uit daai lamrugbygroef waarin hulle verval het,Afrikaans
glass ceiling,English
in an interesting condition,English
willy nilly,English
hissy fit,English
teenspoed ontlont talente wat in voorspoed dormant sou bly,Afrikaans
get ones dander up,English
spare the rod and spoil the child,English
keen as mustard,English
sleep tight,English
brummagem screwdriver,English
allemansvriend is niemandsvriend  httpgooglsddnq,Afrikaans
moving finger writes  the,English
a red rag to a bull,English
brand spanking new,English
fuddyduddy,English
graveyard shift,English
dit is vir my grieks en ek maak nie kop of stert daarvan uit nie,Afrikaans
as straight as a die,English
om te wees wat ons is en te word waartoe ons in staat is is die enigste doelwit in die lewe,Afrikaans
hark hark the lark at heavens gate sings,English
about face,English
as old as the hills,English
sielkundiges se manier van groet “dit gaan goed met jou hoe gaan dit met my”,Afrikaans
brass tacks  get down to,English
have an axe to grind,English
powers that be  the,English
een hoofd vol kreuken – een geweten sonder rimpel,Afrikaans
learn the ropes,English
‘n hen met spore,Afrikaans
hoe korter jy jou kuier maak hoe gouer sal jy weer genooi word,Afrikaans
kiss and tell,English
bugger bognor,English
security blanket,English
different kettle of fish,English
die regverdige beloof min en verrig baie die bose beloof baie en verrig nie eens min nie,Afrikaans
end of story,English
wing it,English
beauty is in the eye of the beholder,English
road rage,English
die berg het ‘n muis gebaar,Afrikaans
hoe dieper ik poog te delven hoe meer ik bederf ontmoet,Afrikaans
for crying out loud,English
the die has been cast,English
leadpipe cinch,English
dis klaar hel op aarde om met ‘n goeie vrou getroud te wees – wat nog te sê met ‘n slegte vrou,Afrikaans
pony up,English
sleep on a clothesline,English
the ants are my friends theyre blowing in the wind,English
the triumph of hope over experience,English
eye of newt and toe of frog wool of bat and tongue of dog,English
sy tand koggel hom,Afrikaans
leopard cannot change its spots  a,English
duvet day,English
nou is jy regte slim jan vandat jou twak nie meer nat is nie,Afrikaans
horse feathers,English
white bread,English
the shot heard round the world,English
die taal van die veroweraar in die mond van die verowerde is die taal van slawe,Afrikaans
pasop vir ‘n napaadjie daar moet ‘n rde wees waarom die grootpad nie daarlangs gaan nie,Afrikaans
something old something new something borrowed something blue,English
air kiss,English
a nest of vipers,English
third degree  the,English
jack  phrases that include the name jack,English
daar is lewe in die grond dit gaan in die saad in en wanneer dit versteur word gaan dit ook in die man wat dit versteur,Afrikaans
net goed wees om die dood te gaan haal,Afrikaans
goody twoshoes,English
wat jou lot ookal in die lewe is bou iets daarop,Afrikaans
half inch,English
lick and a promise,English
the quick and the dead,English
darkest hour is just before the dawn  the,English
trou die dogter van ‘n goeie ma,Afrikaans
codswallop  a load of,English
on the qt,English
cloak and dagger,English
as mad as a hatter,English
het jy al jou bakkies geskottel,Afrikaans
broad in the beam,English
not tonight josephine,English
n ou bok hou van jong blare,Afrikaans
rob peter to pay paul,English
‘n gordyn oor iets laat val,Afrikaans
dog in the manger,English
it is meat and drink to me,English
woe is me,English
as jy nie hande het kan jy nie ’n vuis maak nie,Afrikaans
die mens wat dink geld het veel waarde bly nog ‘n tydverkwister so koop al die skatte van die aarde – nie een minuut van gister,Afrikaans
soms is die lewe soos n kakkerlak … meer kk as luck,Afrikaans
off his own bat,English
cats cradle,English
et tu brute,English
ill go to the foot of our stairs,English
backseat driver,English
daar is ‘n definitiewe korrelasie tussen leesvermoë en leervermoë,Afrikaans
mutt and jeff,English
off with his head,English
quid pro quo,English
cat got your tongue,English
worse for wear,English
overpaid oversexed and over here,English
charley horse,English
never the twain shall meet,English
thus far into the bowels of the land,English
date rape,English
dis asof die lankrek van die laaste noot die kraai laat lekkerkry,Afrikaans
beyond our ken,English
cat out of the bag  let the,English
a wolf in sheeps clothing,English
get used to it,English
die henne wat die meeste kekkel lê nie die meeste eiers nie,Afrikaans
back to basics,English
vegrissen is menselijk,Nederlands
pyrric victory,English
my husband and i,English
old as methuselah,English
if the cap fits,English
a at lloyds,English
tall story,English
happy as a sandboy,English
hard lines,English
in the catbird seat,English
market forces,English
hy is maar onder die belt,Afrikaans
gilt off the gingerbread,English
brandewyn en vroueraad is goeie dinge maar jy moet dit bietjiesbietjies gebruik,Afrikaans
jack of all trades master of none,English
selfs god se engele kan ons nie red as ons gedurig ons eie kop wil volg nie,Afrikaans
draw your horns in,English
put paid to,English
by and large,English
inside out,English
waar rook is is vuur,Nederlands
touchyfeely,English
cute as a bugs ear,English
gry  words ending in,English
nine days wonder,English
all of a sudden,English
armoede leer ‘n maer hond bene kou,Afrikaans
‘n gebraaide hoender vlieg niemand in die mond nie,Afrikaans
the great unwashed,English
the whole kit and caboodle,English
life begins at forty,English
‘n bank is ‘n plek waar hulle vir jou ‘n sambreel gee wanner dit mooiweer is en dit terugvra as dit begin reën,Afrikaans
je moet niet op één paard wedden,Nederlands
sticks and stones may break my bones,English
jou akker sal kraak,Afrikaans
die boog kan nie altyd gespan wees nie,Afrikaans
dis goud wat blink maar koper wat stink,Afrikaans
sir walter scott phrases coined by,English
a safe pair of hands,English
belt and braces,English
persoonlikheid het die mag om deure oop te maak maar karakter is nodig om hul oop te hou,Afrikaans
het is niet al goud wat blinkt,Nederlands
early bird catches the worm  the,English
straight as a die,English
plain sailing,English
met iets te koop loop,Afrikaans
open season,English
whats in a name that which we call a rose by any other name would smell as sweet,English
from strength to strength,English
lovedup,English
mad as a march hare,English
done a runner,English
dit het gister net so ‘n slangsleepseltjie gereent in die kaap,Afrikaans
geld uit iemand se sak jaag,Afrikaans
thats one small step for a man a giant leap for mankind,English
go off halfcocked,English
soos ’n hand vol vlieë,Afrikaans
jy kan nooit wen as jy ‘n saak met die duiwel het en sy kantoor is in die hel nie,Afrikaans
collywobbles  the,English
knuckle down,English
bygones be bygones  let,English
starcrossed lovers,English
lager frenzy,English
chinese whispers,English
better half,English
jy hou jou latjiesbeen by ‘n meisie,Afrikaans
in a trice,English
elephant in the room,English
the devil to pay,English
hy’t sommer so sjierts by ons verbygejaag,Afrikaans
till the cows come home,English
my giddy aunt,English
chockablock,English
cant hold a candle to,English
as xxx as yyy,English
middle for diddle,English
die jors is ‘n regte agterdeursuiper,Afrikaans
sick puppy a,English
tilting at windmills,English
cut and run,English
fainthearted,English
fobbed off,English
warts and all,English
dit gaan maar patats,Afrikaans
hy het ‘n aap op sy rug,Afrikaans
he who laughs last laughs longest,English
hasta la vista baby,English
lyk of hy van die ape gekul is,Afrikaans
bietjie baard maar klipsteenhard,Afrikaans
under your hat  keep it,English
die gekke kry die kaarte,Afrikaans
alle wegen leiden naar rome,Nederlands
field day,English
as black as newgates knocker,English
no more cakes and ale,English
play it again sam,English
come what come may,English
play fast and loose,English
the balance of trade,English
lick into shape,English
salt of the earth  the,English
cold turkey,English
hell has no fury like a woman scorned,English
ieder vogeltje zingt zoals het gebekt is,Nederlands
clue  dont have a,English
senior citizen,English
de tijd zal het leren,Nederlands
thing of beauty is a joy forever  a,English
double cross,English
flash in the pan,English
slush fund,English
moaning minnie,English
as happy as larry,English
hy raak toe sommer doringbos vir haar,Afrikaans
giddy goat,English
iemand afkam,Afrikaans
stiff upper lip,English
spin doctor,English
geduld is ‘n stadige manier om jou moer te strip,Afrikaans
hit the hay,English
sukses is die kuns om hooi te maak van die gras wat ander mense onder hul voete vertrap,Afrikaans
red rag to a bull  a,English
movers and shakers,English
as daft as a brush,English
die sweep swiep deur die lug,Afrikaans
hard cases make bad law,English
up the apples and pears,English
the life of riley,English
as jy aas roer stink dit,Afrikaans
against the grain,English
a fate worse than death,English
muren hebben oren,Nederlands
stranger than fiction  truth is,English
nasty brutish and short,English
famous last words dying statements of famous people  a list,English
by the short hairs,English
my minds eye,English
moenie wag dat iets vorendag km nie vat ‘n graaf en soek die skat,Afrikaans
a dish fit for the gods,English
cardsharp,English
take with a grain of salt,English
run of the mill,English
make a clean breast of it,English
as dead as a doornail,English
the bread of life,English
die by wat die lekker heuning maak steek seer,Afrikaans
hoe bewierook hy nou sy baas,Afrikaans
vorsprung durch technik,English
‘n vergenoegde mens kan die natuurskoon langs ‘n pad geniet,Afrikaans
hy kan ‘n bokkom braai,Afrikaans
fly by the seat of ones pants,English
gridlock,English
tit for tat,English
sy het ‘n regte naweeklyfie,Afrikaans
fair play,English
indian giver,English
off the record,English
pie in the sky,English
swing for you,English
dont go there,English
mens evil manners live in brass their virtues we write in water,English
complete shambles,English
moenie die beer se vel verkoop voordat hy geskiet is nie,Afrikaans
je moet geen oude schoenen weggooien voordat je nieuwe hebt,Nederlands
as fit as a butchers dog,English
hy is meer verward as ‘n bergie onder huisarres,Afrikaans
hulle is dik soos diewe,Afrikaans
give no quarter,English
moenie jou kinders onskuldige plesier belet nie hulle sal dit steel en dan is jy nie daarby om te sien dat hulle nie die skuldige by steel nie,Afrikaans
pearls before swine,English
daar is ‘n dief aan die kers,Afrikaans
die botter het alleen geslaap,Afrikaans
a legend in ones own lifetime,English
trick or treat,English
mickey finn,English
top drawer,English
at one fell swoop,English
sods law,English
kop bo water hou,Afrikaans
die mannetjie kwyl agter rokgoed aan,Afrikaans
between two stools,English
dont count your chickens before they are hatched,English
die luiaard is die enigste man wat van sy slaap moet rekenskap gee,Afrikaans
blow your mind,English
hy laat lê nie kos nie,Afrikaans
the dark side,English
ace in the hole,English
morning person,English
pasop wat jy met jou hande opbou moet jy nie met jou agterent omstamp nie,Afrikaans
senior burgers vraag “wat maak julle heeldag” antwoord “ons soek ons goed en probeer onthou wat ons vergeet het”,Afrikaans
whistle down the wind,English
nou gaan die poppe dans,Afrikaans
hy het kaplaks van die stoel af geval,Afrikaans
theres no such thing as bad publicity,English
red letter day,English
not worth the candle,English
jy kan nie die armes ryk maak deur die rykes te verarm nie,Afrikaans
you are what you eat,English
good man is hard to find  a,English
neer cast a clout till may be out,English
take down a peg or two,English
agter die donkerste onweerswolke is die ewige son nog altyd daar,Afrikaans
chow down,English
so tuis wees soos n vis in die water,Afrikaans
jy het nog niks geleer van iemand wat oor alles met jou saamstem nie,Afrikaans
honesty is the best policy,English
englishmans home is his castle,English
as pleased as punch,English
hy is opgedreun tot by oom daantjie in die kalwerhok en weer terug,Afrikaans
cry havoc and let slip the dogs of war,English
dis nie welvaart en swier wat geluk bring nie maar kalmte en werk,Afrikaans
a rolling stone gathers no moss,English
daar is geen regte manier om ‘n verkeerde ding te doen nie,Afrikaans
chinless wonder,English
a daniel come to judgement,English
stones throw,English
a miss is as good as a mile,English
wouldnt touch with a bargepole,English
jy kan vir jan raap en skraap eet ou,Afrikaans
pie  as easy as,English
knuckle under,English
living off the fat of the land,English
drag race,English
ek sal jou slaan dat jy jou ouma vir ’n eendvoël aansien,Afrikaans
wiens broodt men eet die’ns woord met spreekt,Afrikaans
valentines day poems and sayings,English
i will swing for you,English
abandon all hope ye who enter here,English
hy druk almanakke,Afrikaans
a stones throw,English
have a captain cook,English
on tenterhooks,English
a sorry sight,English
vroeg uit die bed maak die beursie vet,Afrikaans
gedane zaken nemen geen keer,Nederlands
put your back up,English
meat and drink,English
nevernever land,English
miss is as good as a mile,English
all things must pass,English
as cool as a cucumber,English
stonyhearted,English
agree to disagree,English
dark horse,English
hoist with your own petard,English
close quarters,English
hy is ‘n geldwolf,Afrikaans
bitter in die mond maak die hart gesond,Afrikaans
floozie in the jacuzzi  the,English
saved by the bell,English
below the salt,English
ek is nou die baas en jy is klaas met ou hansie die kneg,Afrikaans
bricks and clicks,English
cop an attitude,English
get a word in edgeways,English
like billyo,English
de laatste druppel doet de emmer overlopen,Nederlands
as die hingste vul,Afrikaans
play ducks and drakes,English
vroeg begonnen veel gewonnen,Nederlands
gesondheid in die rondheid al die mooi meisies in die blomtyd,Afrikaans
high time,English
in the boxseat,English
over the moon,English
geld wat sleg is maak krom wat reg is,Afrikaans
dark side  the,English
talk through ones hat,English
as die herder dwaal dool die skape,Afrikaans
a nation of shopkeepers,English
hell in a handbasket,English
tea leaf,English
the smallest room in the house,English
you cant teach an old dog new tricks,English
iets wat bietjie goed is is nie goed genoeg nie matigheid in humeur is altyd ‘n deug maar matigheid in beginsel is altyd ‘n ondeug,Afrikaans
too much of a good thing,English
road less travelled  the,English
laughingstock,English
een rede waarom ‘n hond ‘n goeie trooster kan wees as jy verslae voel is dat hy nie vrae vra nie,Afrikaans
dit is iemand anders se breinkind,Afrikaans
hy kedoem sy kitaar so nou en dan,Afrikaans
ons kyk tot die droogte kom en dan kyk ons almal hemel toe,Afrikaans
what part of no dont you understand,English
if the mountain will not come to muhammad then muhammad must go to the mountain,English
sy doen die canyon tango,Afrikaans
toast of the town,English
‘n boer wat ophou skoolgaan voordat hy doodgaan moet liewer doodgaan voordat hy ophou skoolgaan,Afrikaans
fish or cut bait,English
on your tod,English
bated breath,English
bone idle,English
blood is thicker than water,English
chew the cud,English
play silly buggers,English
jors het al weer gestook,Afrikaans
klein diewe het ysterkettings groot diewe goue kettings,Afrikaans
die geel baadjie aan hê,Afrikaans
a woman needs a man like a fish needs a bicycle,English
haar hart lê op haar tong,Afrikaans
go by the book,English
caught by the short hairs,English
when in rome do as the romans do,English
pas op vir die man wat sy oë half toe hou dis nie dat hy nie wil uitkyk nie dis om te keer dat jy inkyk,Afrikaans
rest on his laurels,English
kick the bucket,English
behandel jou meerdere met beleefdheid omdat dit jou plig is jou gelyke omdat dit jou plesier is jou mindere omdat dit jou voorreg is die voorreg is aangenamer as die plesier en die plesier is soeter as die plig,Afrikaans
hush puppies,English
take a back seat,English
deus ex machina,English
betaal ‘n donkie se prys en moenie ‘n perd se dienste te wagte wees nie,Afrikaans
prime time,English
finger lickin good,English
moenie jou goed in jou lewe onder jou kinders uitdeel nie as hul spandabel is sal hulle die goed deurbring en as hulle alternatief inhalig is sal hulle jou verwaarloos   wat ek tot my spyt en verdriet nie gedoen het nie,Afrikaans
truth will out,English
as easy as pie,English
upset the applecart,English
come on down,English
die goudpot aan die einde van die reënboog,Afrikaans
hy is so los soos ‘n druiwetros,Afrikaans
knickknack,English
bury the hatchet,English
put the wood in the hole,English
in spades,English
‘n aap op jou rug hê,Afrikaans
grond vreet,Afrikaans
adams ale,English
die parlement is moerland toe,Afrikaans
excuse me while i kiss this guy,English
hy het al weer aalwyn getap,Afrikaans
oopsadaisy,English
labour of love,English
watching brief,English
with bells on,English
beter voorkomen dan genezen,Nederlands
not rocket science,English
get the pip,English
ill have your guts for garters,English
have your guts for garters,English
daar is net ‘n trekseltjie koffie oor in die pot,Afrikaans
fits and starts,English
call a spade a spade,English
kick your heels,English
hither and yon,English
road apples,English
jerry built,English
zo gewonnen zo geronnen,Nederlands
silver bullet,English
hy is kiepkop,Afrikaans
an offer he cant refuse,English
the yellow peril,English
another think coming,English
get over it,English
daardie ou mannetjie is darem maar ‘n kapoevaproppie,Afrikaans
beter één vogel in de hand dan tien in de lucht,Nederlands
tyd is geld,Afrikaans
“sy praat so baie sy sal die agterbeen van ‘n donkie afpraat”,Afrikaans
gou op sy agterpote wees,Afrikaans
‘n mens moet die wêreld ‘n beter plek agterlaat as wat jy dit gekry het,Afrikaans
hy is jan salie vanuit die wag nbietjie bosse,Afrikaans
houston we have a problem,English
for the birds,English
vir jou het ek sien aankom,Afrikaans
panic stations,English
new kid on the block,English
ask not for whom the bell tolls,English
pasop vir die man wat te veel praat sy korrels is vol kaf en pasop vir die een wat niks sê nie hy het ‘n verskuilde agenda,Afrikaans
die haan kraai baie harder as die hen wat die eier gelê het,Afrikaans
“dis jy wat met haar getjoingtjoing het en nie ek nie” – mikro gonnakolk,Afrikaans
een gegeven paard moet je niet in de bek kijken,Nederlands
channel surfing,English
charm offensive,English
cast the first stone,English
say cheese,English
go to the foot of our stairs,English
misery acquaints a man with strange bedfellows,English
mense is meer begaan oor wat hulle weet as om te ontdek wat hulle nog nie weet nie,Afrikaans
boss eyed,English
let or hindrance,English
dont let the bastards grind you down,English
shillyshally,English
hy is op die afdraand met sy briek los,Afrikaans
all agog,English
jan taks die belasting man eis sy pond vleis,Afrikaans
cockney rhyming slang,English
daar is geen sukkel by kuns nie en geen kuns by sukkel nie,Afrikaans
die plaas is nie ‘n koei wat in die hemel kos kry en op aard gemelk kan word nie,Afrikaans
stranger danger,English
is the pope polish,English
its better to light a candle than curse the darkness,English
ek is in die dolliwarie,Afrikaans
dawid jones sê hulle melk ons nou sô vir die armes asof dit ons skuld is dat hul arm is,Afrikaans
the proof of the pudding is in the eating,English
‘n mens moet nooit lag as ‘n dief op ‘n fiets deur ‘n trein getrap word nie dit kan moontlik jou fiets wees,Afrikaans
imitation is the sincerest form of flattery,English
shot in the arm,English
the female of the species is more deadly then the male,English
ma’s en huisvroue is die enigste werkers wat nie gereelde vrye tye kry nie hulle is die groot vakansielose klas,Afrikaans
on the button,English
the exception which proves the rule,English
two cents worth,English
a piece of the action,English
give a man a fish and you will feed him for a day,English
go to the mattresses,English
hy leef op sy binnevet,Afrikaans
wag tot letjie kom,Afrikaans
billyo  like,English
in the sticks,English
die goed wat jy aan jou ouer doen dit belê jy rente op rente maar wat jy aan jou kind doen dit is jy die meeste van die tye met kapitaal en rente kwyt dis ‘n gelukkie as jy daar iets van terugkry moet niet daarop reken,Afrikaans
dogs dinner,English
jack the lad,English
whipper snapper,English
hy is nie so groen dat ‘n koei hom sal vreet nie,Afrikaans
ledigheid is die duiwel se oorkussing lig jou alie en kry jouself in rat,Afrikaans
al fresco,English
high on the hog,English
daar is maar één rede waarom ‘n mens onder ‘n vreemde nasie inkruip die voordeel van die parasiet of die nadeel van die renegaat,Afrikaans
’n gedurige gedrup maak ’n gat in ’n klip,Afrikaans
theres one a sucker born every minute,English
dit is maklik gesê maar die eend lê die eier,Afrikaans
be enthralled,English
shot across the bows,English
vir dertig stukke silwer,Afrikaans
behind every great man theres a great woman,English
sevenyear itch,English
stuff and nonsense,English
paying guest  a,English
preposterous,English
so blind soos n mol,Afrikaans
twee mossies vir ‘n stuiwer,Afrikaans
put the cart before the horse,English
dead as a dodo,English
bed of roses,English
weakest link  a chain is only as strong as its,English
many happy returns,English
die duiwel se briewe lees,Afrikaans
hou jy van hospitaalkos  bydrae herman janse van rensburg,Afrikaans
selfs in die slegste vorm van werk raak die mens se hele siel in harmonie did oomblik dat dit begin werk,Afrikaans
pigs back  on the,English
vele handen maken licht werk,Nederlands
arm candy  see ear candy,English
push the boat out,English
foregone conclusion,English
hot off the press,English
shakers and movers,English
done to a turn,English
luiaard gaan na die mier,Afrikaans
fool and his money are soon parted  a,English
wanneer die moeilikheid so groot soos ‘n berg is klim die wyse booor die dwaas graaf ‘n tonnel onderdeur en bly binne vassteek die lafaard draai om,Afrikaans
smallest room in the house  the,English
up the pole,English
peg out,English
go whole hog,English
the tail wagging the dog,English
chickens come home to roost,English
cold comfort,English
blood sweat and tears,English
turn up trumps,English
a watched pot never boils,English
fifth column,English
load of codswallop,English
as jy daaroor kan lag kan jy daarmee saamleef,Afrikaans
mans inhumanity to man,English
a skeleton in the closet,English
many a true word is spoken in jest,English
shot in the dark,English
the face that launched a thousand ships,English
though this be madness yet there is method in it,English
one swallow doesnt make a summer,English
godfrey daniel,English
game of two halves,English
dit sal my laat ystervarke vang,Afrikaans
die baas knor weer vanmôre soos ‘n muishond met ‘n seer bal,Afrikaans
booby trap,English
as white as snow,English
a womans place is in the home,English
thick and thin,English
children should be seen and not heard,English
paper tiger,English
het regent pijpenstelen,Nederlands
pieter se nuwe meisie is ‘n mooi melkkoffie,Afrikaans
wie het eerst komt het eerst maalt,Nederlands
out of the jaws of death,English
tell it to the marines,English
what you see is what you get  wysiwyg,English
lose face,English
climb on the bandwagon,English
turn up for the books,English
not a dickybird,English
famous for fifteen minutes,English
elke hart het sy smart,Afrikaans
down the pan,English
power dressing,English
an arm and a leg,English
volmaaktheid is altyd bereikbaar op ‘n kleinigheid na,Afrikaans
to boot,English
pig in a poke,English
mad as a hatter,English
artyfarty,English
keep your nose to the grindstone,English
van ‘n muggie ‘n olifant maak,Afrikaans
hy is pad op,Afrikaans
klim uit die streskas,Afrikaans
get your goat,English
helterskelter,English
no names no packdrill,English
anchors aweigh,English
proverbs  a list of,English
‘n mens het nog nie gemoedskalmte voordat jy nie kan niksdoen lekkerdoen nie,Afrikaans
womans place is in the home  a,English
wie zaait zal oogsten,Nederlands
if it aint broke dont fix it,English
“pluk so ‘n spierwit dingetjie uit haar handsak en pafpaf op haar neus” – cm van den heever langs die grootpad,Afrikaans
a rose by any other name would smell as sweet,English
read between the lines,English
johnny on the spot,English
buggins turn,English
gofaster,English
brush  as daft as a,English
i will wear my heart upon my sleeve,English
to sleep perchance to dream ay theres the rub,English
better late than never,English
amber nectar,English
physician heal thyself,English
silver lining  every cloud has a,English
a norange,English
the chickens come home to roost,English
ek moet ‘n wegmens wees,Afrikaans
load of cobblers,English
iron hoof,English
according to hoyle,English
faith will move mountains,English
pigeonchested,English
katy bar the door,English
queer the pitch,English
square meal,English
politici loop almal met twee aangesigte,Afrikaans
is the pope catholic,English
asap  as soon as possible,English
gad zooks or gadzooks,English
there are three kinds of lies,English
een mens verneuk nie ‘n ander nie elke mens verneuk homself,Afrikaans
fast and loose,English
cold as any stone,English
hy dink hy is die goewerneur se hond se oom,Afrikaans
air quotes,English
last straw  the,English
when pigs fly,English
wanneer ‘n man en vrou hul huwelik begin bespreek lê hulle getuienis af by ‘n geregtelike ondersoek,Afrikaans
whipping boy,English
as good as gold,English
die dans vryspring,Afrikaans
gemak ondermyn ‘n mens,Afrikaans
shaggy dog story,English
fanny adams  sweet,English
swan song,English
religion is the opium of the people,English
break a leg,English
an oxford scholar,English
ek kon my weldade dikker gesaai het en hulle sou mekaar nie verdring het nie,Afrikaans
mutts nuts  the,English
down at heel,English
such is life,English
cash on the nail,English
“hy trek ‘n mbeki”,Afrikaans
comparisons are odious,English
genade het nie ‘n horing nie dalk beter bekend as “genade het nie horings nie” 🙂,Afrikaans
verbosity leads to unclear inarticulate things,English
foam at the mouth,English
touch and go,English
one small step for man,English
go for a burton,English
geld is kleurblind maar terselfdertyd uiters sensitief vir politike uitsprake,Afrikaans
land of nod  the,English
black as newgates knocker,English
the jury is still out,English
die verste berge is altyd die blouste,Afrikaans
the short end of the stick,English
sexton blake,English
blingbling,English
ou bokke pluk die hoogste doringpeule,Afrikaans
back to the drawing board,English
put your nose out of joint,English
posh  port out starboard home,English
name is mud,English
moenie roem dat jy geen kwaad gedoen het nie watter goed het jy gedoen” ‘n steeks perd is nie meer werd as een wat skop nie hy beteken minder – een wat skop kan jy terug skop maar jy kan nie terug steeks wees nie,Afrikaans
eigen haard is goud waard,Nederlands
skid row,English
“hy twengtweng en pangpang aan die snare” – boerneef boplaas,Afrikaans
lay it on with a trowel,English
a bird in the hand is worth two in the bush,English
damp squib,English
in the doghouse,English
up to snuff,English
doom and gloom,English
the love that dare not speak its name,English
lamb to the slaughter,English
the crack of doom,English
moenie oor my treur nie – wees bly dat ek eens hier was,Afrikaans
onehit wonder,English
lets roll,English
wie a zegt moet ook b zeggen,Nederlands
vanaand braai ons weer ‘n slag skaalvleis,Afrikaans
set ones cap at,English
bells and whistles,English
hy is lekker vuurbek,Afrikaans
hy stuur ons van pontius na pilatus om te soek na n naald in die hooimied,Afrikaans
die pad is snuif tussen soebatsfontein en koingnaas,Afrikaans
how now brown cow,English
drink like a fish,English
make your hair stand on end,English
cock and bull story,English
pin money,English
the upper hand,English
shit end of the stick  the,English
eerder bang jan as dooi jan anders is jy bokveld toe,Afrikaans
worth ones salt,English
the pip  getgothave,English
make no bones about,English
nest of vipers  a,English
kettle of fish,English
the hair of the dog that bit you,English
freezing temperatures,English
talk to the hand,English
hy is nie onder n kalkoen uitgebroei nie,Afrikaans
cut to the chase,English
licketysplit,English
through thick and thin,English
grandfather clock,English
nod is as good as a wink  a,English
ivory tower,English
mea culpa,English
red sky at night,English
top dog,English
bubble and squeak,English
take the gilt off the gingerbread,English
grinning like a cheshire cat,English
the buck stops here,English
by the board,English
as mad as a march hare,English
good samaritan,English
die wonder van ‘n nuwe oggend is dat dit ons die geleentheid gee om voor te begin,Afrikaans
gussiedup,English
throw in the towel,English
lock stock and barrel,English
sealed with a loving kiss,English
at sixes and sevens,English
dassie het ‘n stert gekry,Afrikaans
laugh like a drain,English
hard man is good to find  a,English
big easy  the,English
darling buds of may,English
fingers and thumbs,English
pure as the driven snow,English
body  phrases related to the human body,English
the third degree,English
begeer nie om ‘n man van belang te wees nie maar ‘n man van waarde,Afrikaans
sound bite,English
bring home the bacon,English
as fast as greased lightning,English
a hard man is good to find,English
writing is on the wall  the,English
van surfing,English
“die koringkorrels sjor op die dorsvloer neer” – boerneef boplaas,Afrikaans
a little bird told me,English
your money or your life,English
hy is bekend as die bont hond,Afrikaans
blood toil tears and sweat,English
met broek en baadjie,Afrikaans
bodice ripper,English
go and boil your head,English
up a gum tree,English
packed to the gunwales,English
act the giddy goat,English
twelve good men and true,English
age cannot wither her nor custom stale her infinite variety,English
pipe down,English
in the buff,English
goody goody gumdrops,English
have an inkling,English
the collywobbles,English
put your best foot forward,English
the best laid schemes of mice and men,English
you cant get blood out of a stone,English
die beste manier om ‘n argument te wen is om daaruit te bly,Afrikaans
nambypamby,English
no dice,English
as jou pad deur die kantvoorspelers versper word gebruik jy die geweldbreek – danie craven,Afrikaans
de pot verwijt de ketel dat hij zwart ziet,Nederlands
hy dink hy kan biltong saamneem,Afrikaans
pig and whistle,English
up shit creek without a paddle,English
where theres muck theres brass,English
die droëpram is al mooi groot,Afrikaans
let them eat cake,English
baby boomer,English
curates egg,English
tickled pink,English
its all grist to the mill,English
stars and garters  my,English
not my cup of tea,English
mouthwatering,English
as dikmelk kaas geword het,Afrikaans
fiddling while rome burns,English
doesnt know shit from shinola,English
granny dumping,English
you can lead a horse to water but you cant make it drink,English
customer is always right  the,English
vicious circle,English
carbon footprint,English
oxo cube,English
pommy bashing,English
moenie fout vind nie vind ‘n oplossing,Afrikaans
jimmy riddle,English
geduld is een schone zaak,Nederlands
put a sock in it,English
beast with two backs,English
pull out all the stops,English
no man is an island,English
a hiding to nothing  on,English
die beeste het in die brand geloop,Afrikaans
in the red,English
the devil take the hindmost,English
no laughing matter,English
chip off the old block,English
bats in the belfry,English
bottom drawer,English
straight from the horses mouth,English
speak of the devil,English
once in a blue moon,English
daar is baie goeie maniere om jou teen versoeking te beskerm – die maklikste is om ‘n lafaard te wees,Afrikaans
hunt and peck,English
put on the wooden overcoat,English
so bang soos ‘n haas vir ‘n hond,Afrikaans
“hy is twee castles kort van ‘n sixpack”  – ingestuur deur andre,Afrikaans
hairy eyeball,English
iemand dwarsdeur kyk,Afrikaans
saam met ons rondom ons in ons en by ons is die onsienlike hy sal altyd daar wees,Afrikaans
i have nothing to offer but blood toil tears and sweat,English
short end of the stick  the,English
whoopsadaisy,English
hê jou vyande lief want jy het hulle gemaak,Afrikaans
ginned up,English
quotations,English
away with the fairies,English
let not poor nelly starve,English
let bygones be bygones,English
similes,English
night owl,English
pick n mix,English
one fell swoop  at,English
sien jou in ‘n dik ruk,Afrikaans
set your teeth on edge,English
sex and shopping,English
go to the dogs,English
make him an offer he cant refuse,English
dogs bollocks,English
‘n mens kan met ‘n bokwa en ‘n lang span osse daarin draai,Afrikaans
gestewel en gespoor,Afrikaans
sy ly aan bekenklouseer,Afrikaans
about turn,English
using a sledgehammer to crack a nut,English
absent without leave,English
hedge your bets,English
happy as a clam,English
the whole nine yards,English
game is up  the,English
die kwaaikind moet uitgebrand word,Afrikaans
fools paradise  a,English
on the pigs back,English
third time lucky,English
ends of the earth  the,English
the  unkindest cut of all,English
hy is ‘n ongeslypte diamant,Afrikaans
wie kaatst moet de bal terug verwachten,Nederlands
screw your courage to the sticking place,English
mccoy  the real,English
àugur well,English
separate the sheep from the goats,English
so sue me,English
al die paaie lei na rome en die kronkelpaaie na ons drome,Afrikaans
not worth a plugged nickel,English
op die bokwa wees,Afrikaans
like two peas in a pod,English
fate worse than death  a,English
pleased as punch,English
as pure as the driven snow,English
age before beauty,English
offing  in the,English
ek sal jou opkoffie as jy sê my span speel sleg,Afrikaans
brandewyn raas as dit uit die vat uit kom,Afrikaans
an albatross around ones neck,English
box and cox,English
the law is an ass,English
spring forward fall back,English
vergelyk eers wat jy het met wat jy nie het nie – dan kan jy waardeer wat jy nie het nie en liefkry wat jy het,Afrikaans
rough diamond,English
old lang syne  see auld lang syne,English
a friend in need is a friend indeed,English
als de kat van huis is dansen de muizen op tafel,Nederlands
on queer street,English
christmas box  a,English
the real mccoy,English
an apple a day keeps the doctor away,English
one for the road,English
you get on my wick,English
getik wees,Afrikaans
spruceup,English
‘n pot vol goud,Afrikaans
doldrums  in the,English
silly billy,English
hy hou van op die lawaaiwa klim,Afrikaans
beware the ides of march,English
quality time,English
battle royal,English
haat is selfmoord op ‘n langtermyn basis,Afrikaans
the floozie in the jacuzzi,English
the order of the boot,English
bang on about,English
jou biesiepol,Afrikaans
dit is die klein botteltjies wat die groot gif het,Afrikaans
norange  a,English
sloane ranger,English
the fat of the land,English
beat around the bush,English
reduplicated phrases,English
i see you stand like greyhounds in the slips,English
snug as a bug in a rug,English
the apple of my eye,English
bee in your bonnet,English
total shambles,English
beeline  make a beeline for,English
walk free,English
get underway,English
primrose path,English
karakter is soos ‘n boom en reputasie sy skaduwee die skaduwee is wat ons daarvan dink die boom is die werklikheid,Afrikaans
donkeys years,English
dit gaan jou blikkies,Afrikaans
white as snow,English
rack your brains,English
hunkydory,English
‘n ou bok lus ook nog ‘n groen blaartjie,Afrikaans
cut off without a penny,English
kleine potjes hebben grote oren,Nederlands
wax poetic,English
hobsons choice,English
as jy jonk wil bly bly bruikbaar,Afrikaans
hair of the dog that bit you,English
chitchat,English
the call of the wild,English
angry young man,English
hy moet nie met sy rondloperhondmaniere hier kom kuier nie,Afrikaans
shebang  the whole,English
the year dot,English
naas die wete wanneer om ‘n geleentheid aan te gryp is die belangrikste ding in die lewe om te weet wanneer om ‘n geleentheid te laat verbygaan,Afrikaans
more bang for your buck,English
kilroy was here,English
give up the ghost,English
jors het al vroegmôre gedrink kanteldronk geraak nou is hy geaap en lêtiep,Afrikaans
touch wood,English
mother country,English
below the belt,English
thumbs up,English
heard it through the grapevine,English
the back of beyond,English
beat a hasty retreat,English
sorry sight,English
cut of your jib  the,English
bargepole  wouldnt touch with a,English
the big apple,English
piping hot,English
swart grietjie soen,Afrikaans
put up your dukes,English
bog standard,English
a man who is his own lawyer has a fool for a client,English
the game is afoot,English
dit verg meer moed om te ly as om te sterf,Afrikaans
marital aid,English
alas poor yorick i knew him horatio,English
die swaarste ding om te dra is ‘n wrok,Afrikaans
hard hearted,English
pester power,English
tempest in a teapot,English
geen mens het nog ooit in sy slaap ryk geword nie,Afrikaans
economical with the truth,English
ship shape and bristol fashion,English
everybody out,English
life in the s  folk etymologies,English
die julius is hardekoejawel inkoejawel en ingat,Afrikaans
baptism of fire,English
pop goes the weasel,English
elke haan is koning op sy eie mishoop,Afrikaans
buck stops here  the,English
legend in ones own lifetime,English
blood and thunder,English
ek kan enigiets weerstaan behalwe versoeking,Afrikaans
ou jors sleep darem nog so aan,Afrikaans
je moet de huid niet verkopen voordat de beer geschoten is,Nederlands
swing the lead,English
filthy rich,English
going for a burton,English
bury your head in the sand,English
high wide and handsome,English
okay,English
in the bag,English
daar is  soorte werksmense een werk vir sy loon – die ander word beloon vir sy werk,Afrikaans
hy vryf graag haar boud,Afrikaans
nautical phrases,English
go the whole hog,English
cogito ergo sum,English
hard cheese,English
fancy free,English
om die toekoms te ken is om verveeld te wees,Afrikaans
gregory peck,English
sold down the river,English
milk of human kindness,English
meat and two veg,English
twenty four seven,English
history is bunk,English
jack palancing,English
if wishes were horses beggars would ride,English
dit is nooit my eie dood waaroor ek spekuleer nie,Afrikaans
get down to brass tacks,English
niemand is so dom soos die een wat nie wil leer nie en niemand is so lui soos die een wat nie wil dink nie,Afrikaans
watch the birdie,English
house divided against itself cannot stand  a,English
high five,English
dont change horses in midstream,English
the belle of the ball,English
‘n druppel gal is in die soetste wyn ‘n traan op elk vrolik snaar in elke lag ‘n sug van pyn in elke roos ‘n dowwe blaar gewis is alles net ‘n grap ons speel in die komedie mee geblinddoek met ‘n lanferlap wat selfs die son ‘n skadu gee die een wat deur die nag ons pret beloer en laaste lag – is skoppenboer,Afrikaans
yellowbelly,English
if i had my druthers,English
beer and skittles,English
lies damned lies and statistics,English
the birds and the bees,English
carey street  on,English
bacon  bring home the,English
dogs breakfast,English
ladies room,English
backroom boy,English
full of piss and vinegar,English
many a little makes a mickle,English
sy kloek soos n hen al om haar kuikens,Afrikaans
rock and roll,English
keep schtum,English
soebat en bangoog kyk help niks,Afrikaans
donkie vasmaak,Afrikaans
dont throw the baby out with the bathwater,English
beat the living daylights out of someone,English
elke gek het sy gebrek,Afrikaans
egg on,English
four by two,English
ek gaan bietjie by haar afsaal,Afrikaans
murphys law,English
let the cat out of the bag,English
pipe dream  a,English
bitter end  the,English
wax lyrical,English
agter die kruis staan altyd die duiwel,Afrikaans
stille wateren hebben diepe gronden,Nederlands
it fell off the back of a truck,English
folk etymology  the nonsense nine,English
van een kale kip kan men niet plukken,Nederlands
fit as a fiddle,English
thou shalt not kill,English
as happy as,English
die grootste taak in die lewe is nie om te sien wat doer vér in die toekoms lê nie maar om te identifiseer wat duidelik voor ons lê en dit te verwerk,Afrikaans
staan of hy geld in die bank het,Afrikaans
put a spanner in the works,English
without let or hindrance,English
fish out of water  a,English
het up,English
loop gee die hoenders kos,Afrikaans
halfhearted,English
a sledgehammer to crack a nut,English
little knowledge is a dangerous thing  a,English
the fly in the ointment,English
word in your shelllike  a,English
wraak maak jou gelyk met jou vyand vergifnis plaas jou hoër as hy,Afrikaans
moot point,English
je moet het ijzer smeden als het heet is,Nederlands
no holds barred,English
whats up doc,English
lifes too short,English
the big easy,English
nittygritty,English
come up trumps,English
weewee,English
take the bit between your teeth,English
make a virtue of necessity,English
the road less travelled,English
hocus pocus,English
at loggerheads,English
spitting feathers,English
ducks and drakes,English
fair to middling,English
a foregone conclusion,English
as jy dan dwing om te val doen dit terwyl jy nog op die onderste trappie is,Afrikaans
‘n skimp kan seerder maak as ‘n skop,Afrikaans
khyber pass,English
winter drawers on,English
keep at bay,English
toe maar môre bak ma koekies,Afrikaans
urban myth,English
golf  gentlemen only ladies forbidden,English
out of the mouths of babes and sucklings,English
een gewaarschuwd mens telt voor twee,Nederlands
“hier het een gesit en pikstele knyp”  – ingestuur deur lödveteig nan,Afrikaans
when it comes to the crunch,English
train surfing,English
dropdead gorgeous,English
toffeenosed,English
cookie cutter,English
the bane of my life,English
wick  you get on my,English
lala land,English
à la mode,English
get your dander up,English
diamond in the rough,English
in limbo,English
sy is ‘n regte ou tierwyfie,Afrikaans
the heebiejeebies,English
as dead as a dodo,English
toodleoo,English
woe betide you,English
turn a blind eye,English
die spul daar op bergplaas sit dassie daar word nie geploeg nie,Afrikaans
upper hand,English
sy gesang is uit,Afrikaans
ons werk kaalvoorlyf,Afrikaans
a bigger bang for your buck,English
charmed life,English
all that glitters is not gold  all that glisters is not gold,English
break the ice,English
a golden key can open any door,English
mend fences,English
long in the tooth,English
